-- =============================================================================
-- seed_data.sql
-- Small, clearly synthetic test seed for NOUREDDINE Data Platform.
-- ~50 rows per main table. No real personal data (Bloc 1 governance C3/C4).
-- =============================================================================

-- ---------------------------------------------------------------------------
-- Categories
-- ---------------------------------------------------------------------------
INSERT INTO oltp.categories (category_id, category_name) VALUES
  ('a0000001-0000-0000-0000-000000000001', 'Grooming'),
  ('a0000001-0000-0000-0000-000000000002', 'Ready-to-Wear'),
  ('a0000001-0000-0000-0000-000000000003', 'Accessories'),
  ('a0000001-0000-0000-0000-000000000004', 'GiftSet'),
  ('a0000001-0000-0000-0000-000000000005', 'Leather Goods')
ON CONFLICT DO NOTHING;

-- ---------------------------------------------------------------------------
-- Calendar Events (Islamic + retail peaks)
-- ---------------------------------------------------------------------------
INSERT INTO oltp.calendar_events (calendar_event_id, event_name, event_type, start_date, end_date) VALUES
  ('b0000001-0000-0000-0000-000000000001', 'Ramadan 2024',      'religious', '2024-03-10', '2024-04-08'),
  ('b0000001-0000-0000-0000-000000000002', 'Eid al-Fitr 2024',  'religious', '2024-04-09', '2024-04-11'),
  ('b0000001-0000-0000-0000-000000000003', 'Eid al-Adha 2024',  'religious', '2024-06-16', '2024-06-19'),
  ('b0000001-0000-0000-0000-000000000004', 'Nikah Season 2024', 'seasonal',  '2024-05-01', '2024-07-31'),
  ('b0000001-0000-0000-0000-000000000005', 'Black Friday 2024', 'retail',    '2024-11-29', '2024-12-02'),
  ('b0000001-0000-0000-0000-000000000006', 'Summer Sale 2024',  'retail',    '2024-07-01', '2024-07-31'),
  ('b0000001-0000-0000-0000-000000000007', 'Ramadan 2025',      'religious', '2025-03-01', '2025-03-29'),
  ('b0000001-0000-0000-0000-000000000008', 'Eid al-Fitr 2025',  'religious', '2025-03-30', '2025-04-01')
ON CONFLICT DO NOTHING;

-- ---------------------------------------------------------------------------
-- Products (50 rows)
-- ---------------------------------------------------------------------------
INSERT INTO oltp.products (product_id, sku, product_name, category_id, price_eur, cost_eur, seasonality_tag) VALUES
  ('c0000001-0000-0000-0000-000000000001', 'GRM-SIWAK-001', 'Siwak Premium Pack x10',      'a0000001-0000-0000-0000-000000000001', 12.00,  4.00, 'year-round'),
  ('c0000001-0000-0000-0000-000000000002', 'GRM-OIL-001',   'Beard Oil Cedar 30ml',         'a0000001-0000-0000-0000-000000000001', 45.00, 12.00, 'year-round'),
  ('c0000001-0000-0000-0000-000000000003', 'GRM-OIL-002',   'Beard Oil Oud 30ml',           'a0000001-0000-0000-0000-000000000001', 48.00, 14.00, 'year-round'),
  ('c0000001-0000-0000-0000-000000000004', 'GRM-BALM-001',  'Beard Balm Black Seed 50ml',   'a0000001-0000-0000-0000-000000000001', 35.00, 10.00, 'year-round'),
  ('c0000001-0000-0000-0000-000000000005', 'GRM-SET-001',   'Grooming Starter Kit',         'a0000001-0000-0000-0000-000000000001', 89.00, 25.00, 'ramadan'),
  ('c0000001-0000-0000-0000-000000000006', 'RTW-QAM-001',   'Qamis Blanc Classique S',      'a0000001-0000-0000-0000-000000000002', 89.00, 25.00, 'ramadan'),
  ('c0000001-0000-0000-0000-000000000007', 'RTW-QAM-002',   'Qamis Blanc Classique M',      'a0000001-0000-0000-0000-000000000002', 89.00, 25.00, 'ramadan'),
  ('c0000001-0000-0000-0000-000000000008', 'RTW-QAM-003',   'Qamis Blanc Classique L',      'a0000001-0000-0000-0000-000000000002', 89.00, 25.00, 'ramadan'),
  ('c0000001-0000-0000-0000-000000000009', 'RTW-QAM-004',   'Qamis Blanc Classique XL',     'a0000001-0000-0000-0000-000000000002', 89.00, 25.00, 'ramadan'),
  ('c0000001-0000-0000-0000-000000000010', 'RTW-QAM-011',   'Qamis Navy Premium S',         'a0000001-0000-0000-0000-000000000002',119.00, 35.00, 'eid'),
  ('c0000001-0000-0000-0000-000000000011', 'RTW-QAM-012',   'Qamis Navy Premium M',         'a0000001-0000-0000-0000-000000000002',119.00, 35.00, 'eid'),
  ('c0000001-0000-0000-0000-000000000012', 'RTW-QAM-013',   'Qamis Navy Premium L',         'a0000001-0000-0000-0000-000000000002',119.00, 35.00, 'eid'),
  ('c0000001-0000-0000-0000-000000000013', 'RTW-POL-001',   'Polo Piqué White S',           'a0000001-0000-0000-0000-000000000002', 75.00, 20.00, 'year-round'),
  ('c0000001-0000-0000-0000-000000000014', 'RTW-POL-002',   'Polo Piqué White M',           'a0000001-0000-0000-0000-000000000002', 75.00, 20.00, 'year-round'),
  ('c0000001-0000-0000-0000-000000000015', 'RTW-POL-003',   'Polo Piqué White L',           'a0000001-0000-0000-0000-000000000002', 75.00, 20.00, 'year-round'),
  ('c0000001-0000-0000-0000-000000000016', 'RTW-TRS-001',   'Pantalon Chino Beige 30/30',   'a0000001-0000-0000-0000-000000000002', 95.00, 28.00, 'year-round'),
  ('c0000001-0000-0000-0000-000000000017', 'RTW-TRS-002',   'Pantalon Chino Beige 32/32',   'a0000001-0000-0000-0000-000000000002', 95.00, 28.00, 'year-round'),
  ('c0000001-0000-0000-0000-000000000018', 'RTW-TRS-003',   'Pantalon Chino Navy 32/32',    'a0000001-0000-0000-0000-000000000002', 95.00, 28.00, 'year-round'),
  ('c0000001-0000-0000-0000-000000000019', 'RTW-SUIT-001',  'Costume Mariage Ivory 48',     'a0000001-0000-0000-0000-000000000002',390.00,110.00, 'nikah'),
  ('c0000001-0000-0000-0000-000000000020', 'RTW-SUIT-002',  'Costume Mariage Ivory 50',     'a0000001-0000-0000-0000-000000000002',390.00,110.00, 'nikah'),
  ('c0000001-0000-0000-0000-000000000021', 'RTW-SUIT-003',  'Costume Mariage Ivory 52',     'a0000001-0000-0000-0000-000000000002',390.00,110.00, 'nikah'),
  ('c0000001-0000-0000-0000-000000000022', 'RTW-TEE-001',   'T-Shirt Essential White M',    'a0000001-0000-0000-0000-000000000002', 39.00, 10.00, 'year-round'),
  ('c0000001-0000-0000-0000-000000000023', 'RTW-TEE-002',   'T-Shirt Essential White L',    'a0000001-0000-0000-0000-000000000002', 39.00, 10.00, 'year-round'),
  ('c0000001-0000-0000-0000-000000000024', 'RTW-TEE-003',   'T-Shirt Essential Black M',    'a0000001-0000-0000-0000-000000000002', 39.00, 10.00, 'year-round'),
  ('c0000001-0000-0000-0000-000000000025', 'ACC-KAFI-001',  'Keffieh Classic White',        'a0000001-0000-0000-0000-000000000003', 29.00,  7.00, 'ramadan'),
  ('c0000001-0000-0000-0000-000000000026', 'ACC-KAFI-002',  'Keffieh Premium Black',        'a0000001-0000-0000-0000-000000000003', 45.00, 12.00, 'year-round'),
  ('c0000001-0000-0000-0000-000000000027', 'ACC-MISC-001',  'Tasbeeh Sandalwood 99',        'a0000001-0000-0000-0000-000000000003', 25.00,  6.00, 'ramadan'),
  ('c0000001-0000-0000-0000-000000000028', 'ACC-MISC-002',  'Tasbeeh Silver 33',            'a0000001-0000-0000-0000-000000000003', 19.00,  5.00, 'year-round'),
  ('c0000001-0000-0000-0000-000000000029', 'ACC-BELT-001',  'Ceinture Cuir Noir 90cm',      'a0000001-0000-0000-0000-000000000003', 65.00, 18.00, 'year-round'),
  ('c0000001-0000-0000-0000-000000000030', 'ACC-BELT-002',  'Ceinture Cuir Marron 95cm',    'a0000001-0000-0000-0000-000000000003', 65.00, 18.00, 'year-round'),
  ('c0000001-0000-0000-0000-000000000031', 'GFT-SET-001',   'Coffret Ramadan Essentiel',    'a0000001-0000-0000-0000-000000000004',129.00, 38.00, 'ramadan'),
  ('c0000001-0000-0000-0000-000000000032', 'GFT-SET-002',   'Coffret Eid Premium',          'a0000001-0000-0000-0000-000000000004',199.00, 58.00, 'eid'),
  ('c0000001-0000-0000-0000-000000000033', 'GFT-SET-003',   'Coffret Nikah Couple',         'a0000001-0000-0000-0000-000000000004',249.00, 72.00, 'nikah'),
  ('c0000001-0000-0000-0000-000000000034', 'GFT-SET-004',   'Coffret Grooming Deluxe',      'a0000001-0000-0000-0000-000000000004',169.00, 48.00, 'year-round'),
  ('c0000001-0000-0000-0000-000000000035', 'LTH-BAG-001',   'Sac Cabas Cuir Camel',         'a0000001-0000-0000-0000-000000000005',295.00, 85.00, 'year-round'),
  ('c0000001-0000-0000-0000-000000000036', 'LTH-BAG-002',   'Sac Messager Cuir Noir',       'a0000001-0000-0000-0000-000000000005',350.00, 95.00, 'year-round'),
  ('c0000001-0000-0000-0000-000000000037', 'LTH-WAL-001',   'Portefeuille Slim Noir',       'a0000001-0000-0000-0000-000000000005', 85.00, 22.00, 'year-round'),
  ('c0000001-0000-0000-0000-000000000038', 'LTH-WAL-002',   'Portefeuille Bifold Marron',   'a0000001-0000-0000-0000-000000000005', 85.00, 22.00, 'year-round'),
  ('c0000001-0000-0000-0000-000000000039', 'GRM-OIL-003',   'Beard Oil Rose 30ml',          'a0000001-0000-0000-0000-000000000001', 45.00, 12.00, 'year-round'),
  ('c0000001-0000-0000-0000-000000000040', 'RTW-QAM-021',   'Qamis Gris Chiné M',           'a0000001-0000-0000-0000-000000000002',129.00, 38.00, 'year-round'),
  ('c0000001-0000-0000-0000-000000000041', 'RTW-QAM-022',   'Qamis Gris Chiné L',           'a0000001-0000-0000-0000-000000000002',129.00, 38.00, 'year-round'),
  ('c0000001-0000-0000-0000-000000000042', 'RTW-QAM-023',   'Qamis Gris Chiné XL',          'a0000001-0000-0000-0000-000000000002',129.00, 38.00, 'year-round'),
  ('c0000001-0000-0000-0000-000000000043', 'RTW-POL-011',   'Polo Piqué Navy S',            'a0000001-0000-0000-0000-000000000002', 79.00, 22.00, 'year-round'),
  ('c0000001-0000-0000-0000-000000000044', 'RTW-POL-012',   'Polo Piqué Navy M',            'a0000001-0000-0000-0000-000000000002', 79.00, 22.00, 'year-round'),
  ('c0000001-0000-0000-0000-000000000045', 'GFT-SET-005',   'Coffret Black Friday Spécial', 'a0000001-0000-0000-0000-000000000004',149.00, 42.00, 'year-round'),
  ('c0000001-0000-0000-0000-000000000046', 'ACC-MISC-003',  'Parfum Oud 50ml',              'a0000001-0000-0000-0000-000000000003',149.00, 40.00, 'year-round'),
  ('c0000001-0000-0000-0000-000000000047', 'RTW-SUIT-011',  'Costume Nikah Noir 48',        'a0000001-0000-0000-0000-000000000002',420.00,120.00, 'nikah'),
  ('c0000001-0000-0000-0000-000000000048', 'GRM-SET-002',   'Grooming Ramadan Box',         'a0000001-0000-0000-0000-000000000001', 99.00, 28.00, 'ramadan'),
  ('c0000001-0000-0000-0000-000000000049', 'RTW-TEE-011',   'T-Shirt Premium Grey M',       'a0000001-0000-0000-0000-000000000002', 49.00, 13.00, 'year-round'),
  ('c0000001-0000-0000-0000-000000000050', 'LTH-WAL-003',   'Portefeuille Long Camel',      'a0000001-0000-0000-0000-000000000005', 95.00, 26.00, 'year-round')
ON CONFLICT DO NOTHING;

-- ---------------------------------------------------------------------------
-- Inventory (one row per product)
-- ---------------------------------------------------------------------------
INSERT INTO oltp.inventory (product_id, stock_quantity, reorder_threshold) VALUES
  ('c0000001-0000-0000-0000-000000000001', 200,  50),
  ('c0000001-0000-0000-0000-000000000002', 150,  30),
  ('c0000001-0000-0000-0000-000000000003', 140,  30),
  ('c0000001-0000-0000-0000-000000000004', 120,  25),
  ('c0000001-0000-0000-0000-000000000005',  80,  20),
  ('c0000001-0000-0000-0000-000000000006', 300,  60),
  ('c0000001-0000-0000-0000-000000000007', 350,  60),
  ('c0000001-0000-0000-0000-000000000008', 300,  60),
  ('c0000001-0000-0000-0000-000000000009', 250,  50),
  ('c0000001-0000-0000-0000-000000000010',  90,  20),
  ('c0000001-0000-0000-0000-000000000011', 100,  20),
  ('c0000001-0000-0000-0000-000000000012',  85,  20),
  ('c0000001-0000-0000-0000-000000000013', 200,  40),
  ('c0000001-0000-0000-0000-000000000014', 220,  40),
  ('c0000001-0000-0000-0000-000000000015', 200,  40),
  ('c0000001-0000-0000-0000-000000000016', 130,  30),
  ('c0000001-0000-0000-0000-000000000017', 140,  30),
  ('c0000001-0000-0000-0000-000000000018', 120,  30),
  ('c0000001-0000-0000-0000-000000000019',  30,  10),
  ('c0000001-0000-0000-0000-000000000020',  35,  10),
  ('c0000001-0000-0000-0000-000000000021',  28,  10),
  ('c0000001-0000-0000-0000-000000000022', 300,  60),
  ('c0000001-0000-0000-0000-000000000023', 300,  60),
  ('c0000001-0000-0000-0000-000000000024', 280,  60),
  ('c0000001-0000-0000-0000-000000000025', 180,  40),
  ('c0000001-0000-0000-0000-000000000026', 150,  35),
  ('c0000001-0000-0000-0000-000000000027', 200,  50),
  ('c0000001-0000-0000-0000-000000000028', 220,  50),
  ('c0000001-0000-0000-0000-000000000029',  80,  20),
  ('c0000001-0000-0000-0000-000000000030',  75,  20),
  ('c0000001-0000-0000-0000-000000000031',  60,  15),
  ('c0000001-0000-0000-0000-000000000032',  45,  10),
  ('c0000001-0000-0000-0000-000000000033',  30,   8),
  ('c0000001-0000-0000-0000-000000000034',  55,  12),
  ('c0000001-0000-0000-0000-000000000035',  20,   5),
  ('c0000001-0000-0000-0000-000000000036',  18,   5),
  ('c0000001-0000-0000-0000-000000000037', 100,  25),
  ('c0000001-0000-0000-0000-000000000038',  95,  25),
  ('c0000001-0000-0000-0000-000000000039', 130,  30),
  ('c0000001-0000-0000-0000-000000000040', 110,  25),
  ('c0000001-0000-0000-0000-000000000041', 115,  25),
  ('c0000001-0000-0000-0000-000000000042',  90,  20),
  ('c0000001-0000-0000-0000-000000000043', 160,  35),
  ('c0000001-0000-0000-0000-000000000044', 170,  35),
  ('c0000001-0000-0000-0000-000000000045',  70,  15),
  ('c0000001-0000-0000-0000-000000000046',  50,  12),
  ('c0000001-0000-0000-0000-000000000047',  22,   5),
  ('c0000001-0000-0000-0000-000000000048',  65,  15),
  ('c0000001-0000-0000-0000-000000000049', 220,  45),
  ('c0000001-0000-0000-0000-000000000050',  75,  18)
ON CONFLICT DO NOTHING;

-- ---------------------------------------------------------------------------
-- Customers (50 clearly synthetic rows)
-- ---------------------------------------------------------------------------
INSERT INTO oltp.customers (customer_id, email, first_name, last_name, country, city, consent_marketing, acquisition_source) VALUES
  ('d0000001-0000-0000-0000-000000000001', 'user001@example-test.com', 'Adam',    'Fakesson',  'France',     'Paris',      TRUE,  'instagram'),
  ('d0000001-0000-0000-0000-000000000002', 'user002@example-test.com', 'Ibrahim', 'Testovic',  'France',     'Lyon',       TRUE,  'tiktok'),
  ('d0000001-0000-0000-0000-000000000003', 'user003@example-test.com', 'Youssef', 'Demoname',  'France',     'Marseille',  FALSE, 'website'),
  ('d0000001-0000-0000-0000-000000000004', 'user004@example-test.com', 'Omar',    'Sampleson', 'UK',         'London',     TRUE,  'instagram'),
  ('d0000001-0000-0000-0000-000000000005', 'user005@example-test.com', 'Khalid',  'Mockdata',  'France',     'Paris',      TRUE,  'affiliate'),
  ('d0000001-0000-0000-0000-000000000006', 'user006@example-test.com', 'Amine',   'Testlast',  'Germany',    'Berlin',     FALSE, 'instagram'),
  ('d0000001-0000-0000-0000-000000000007', 'user007@example-test.com', 'Hassan',  'Fakename',  'France',     'Bordeaux',   TRUE,  'tiktok'),
  ('d0000001-0000-0000-0000-000000000008', 'user008@example-test.com', 'Samir',   'Dummylast', 'Belgium',    'Brussels',   TRUE,  'website'),
  ('d0000001-0000-0000-0000-000000000009', 'user009@example-test.com', 'Bilal',   'Synthname', 'France',     'Nice',       FALSE, 'paid_ad'),
  ('d0000001-0000-0000-0000-000000000010', 'user010@example-test.com', 'Tarek',   'Testersen', 'France',     'Paris',      TRUE,  'instagram'),
  ('d0000001-0000-0000-0000-000000000011', 'user011@example-test.com', 'Nabil',   'Fakelast',  'France',     'Lille',      TRUE,  'tiktok'),
  ('d0000001-0000-0000-0000-000000000012', 'user012@example-test.com', 'Rachid',  'Testname',  'UK',         'Manchester', TRUE,  'instagram'),
  ('d0000001-0000-0000-0000-000000000013', 'user013@example-test.com', 'Sofiane', 'Mockson',   'France',     'Strasbourg', FALSE, 'website'),
  ('d0000001-0000-0000-0000-000000000014', 'user014@example-test.com', 'Mehdi',   'Samplename','France',     'Toulouse',   TRUE,  'affiliate'),
  ('d0000001-0000-0000-0000-000000000015', 'user015@example-test.com', 'Ismail',  'Fakedata',  'Netherlands','Amsterdam',  TRUE,  'instagram'),
  ('d0000001-0000-0000-0000-000000000016', 'user016@example-test.com', 'Zakaria', 'Testlast2', 'France',     'Paris',      TRUE,  'tiktok'),
  ('d0000001-0000-0000-0000-000000000017', 'user017@example-test.com', 'Hamza',   'Demolast',  'France',     'Paris',      FALSE, 'paid_ad'),
  ('d0000001-0000-0000-0000-000000000018', 'user018@example-test.com', 'Adil',    'Mocklast',  'France',     'Nantes',     TRUE,  'instagram'),
  ('d0000001-0000-0000-0000-000000000019', 'user019@example-test.com', 'Fouad',   'Synth1',    'France',     'Rennes',     TRUE,  'website'),
  ('d0000001-0000-0000-0000-000000000020', 'user020@example-test.com', 'Walid',   'Synth2',    'France',     'Paris',      TRUE,  'instagram'),
  ('d0000001-0000-0000-0000-000000000021', 'user021@example-test.com', 'Said',    'Synth3',    'France',     'Paris',      FALSE, 'affiliate'),
  ('d0000001-0000-0000-0000-000000000022', 'user022@example-test.com', 'Yacine',  'Synth4',    'UK',         'London',     TRUE,  'tiktok'),
  ('d0000001-0000-0000-0000-000000000023', 'user023@example-test.com', 'Karim',   'Synth5',    'France',     'Paris',      TRUE,  'instagram'),
  ('d0000001-0000-0000-0000-000000000024', 'user024@example-test.com', 'Hicham',  'Synth6',    'Germany',    'Cologne',    FALSE, 'website'),
  ('d0000001-0000-0000-0000-000000000025', 'user025@example-test.com', 'Anis',    'Synth7',    'France',     'Paris',      TRUE,  'instagram'),
  ('d0000001-0000-0000-0000-000000000026', 'user026@example-test.com', 'Rayan',   'Synth8',    'France',     'Grenoble',   TRUE,  'paid_ad'),
  ('d0000001-0000-0000-0000-000000000027', 'user027@example-test.com', 'Nassim',  'Synth9',    'France',     'Montpellier',TRUE,  'instagram'),
  ('d0000001-0000-0000-0000-000000000028', 'user028@example-test.com', 'Ayoub',   'Synth10',   'France',     'Paris',      FALSE, 'tiktok'),
  ('d0000001-0000-0000-0000-000000000029', 'user029@example-test.com', 'Moussa',  'Synth11',   'UK',         'Birmingham', TRUE,  'instagram'),
  ('d0000001-0000-0000-0000-000000000030', 'user030@example-test.com', 'Ilyes',   'Synth12',   'France',     'Paris',      TRUE,  'affiliate'),
  ('d0000001-0000-0000-0000-000000000031', 'user031@example-test.com', 'Zaid',    'Synth13',   'France',     'Paris',      TRUE,  'instagram'),
  ('d0000001-0000-0000-0000-000000000032', 'user032@example-test.com', 'Fares',   'Synth14',   'Belgium',    'Liège',      FALSE, 'website'),
  ('d0000001-0000-0000-0000-000000000033', 'user033@example-test.com', 'Naim',    'Synth15',   'France',     'Paris',      TRUE,  'tiktok'),
  ('d0000001-0000-0000-0000-000000000034', 'user034@example-test.com', 'Younes',  'Synth16',   'France',     'Versailles', TRUE,  'instagram'),
  ('d0000001-0000-0000-0000-000000000035', 'user035@example-test.com', 'Badr',    'Synth17',   'France',     'Paris',      TRUE,  'paid_ad'),
  ('d0000001-0000-0000-0000-000000000036', 'user036@example-test.com', 'Salim',   'Synth18',   'France',     'Lyon',       FALSE, 'instagram'),
  ('d0000001-0000-0000-0000-000000000037', 'user037@example-test.com', 'Marwan',  'Synth19',   'UK',         'London',     TRUE,  'tiktok'),
  ('d0000001-0000-0000-0000-000000000038', 'user038@example-test.com', 'Yahia',   'Synth20',   'France',     'Paris',      TRUE,  'instagram'),
  ('d0000001-0000-0000-0000-000000000039', 'user039@example-test.com', 'Ramzi',   'Synth21',   'Germany',    'Hamburg',    FALSE, 'website'),
  ('d0000001-0000-0000-0000-000000000040', 'user040@example-test.com', 'Djamel',  'Synth22',   'France',     'Paris',      TRUE,  'affiliate'),
  ('d0000001-0000-0000-0000-000000000041', 'user041@example-test.com', 'Seif',    'Synth23',   'France',     'Paris',      TRUE,  'instagram'),
  ('d0000001-0000-0000-0000-000000000042', 'user042@example-test.com', 'Ghilas',  'Synth24',   'France',     'Clermont',   FALSE, 'tiktok'),
  ('d0000001-0000-0000-0000-000000000043', 'user043@example-test.com', 'Brahim',  'Synth25',   'France',     'Paris',      TRUE,  'instagram'),
  ('d0000001-0000-0000-0000-000000000044', 'user044@example-test.com', 'Lotfi',   'Synth26',   'Netherlands','Rotterdam',  TRUE,  'website'),
  ('d0000001-0000-0000-0000-000000000045', 'user045@example-test.com', 'Rida',    'Synth27',   'France',     'Paris',      TRUE,  'instagram'),
  ('d0000001-0000-0000-0000-000000000046', 'user046@example-test.com', 'Farid',   'Synth28',   'France',     'Paris',      FALSE, 'paid_ad'),
  ('d0000001-0000-0000-0000-000000000047', 'user047@example-test.com', 'Toufik',  'Synth29',   'France',     'Paris',      TRUE,  'instagram'),
  ('d0000001-0000-0000-0000-000000000048', 'user048@example-test.com', 'Zinedine','Synth30',   'France',     'Nice',       TRUE,  'tiktok'),
  ('d0000001-0000-0000-0000-000000000049', 'user049@example-test.com', 'Oussama', 'Synth31',   'France',     'Paris',      TRUE,  'affiliate'),
  ('d0000001-0000-0000-0000-000000000050', 'user050@example-test.com', 'Abderrahmane','Synth32','UK',       'London',     FALSE, 'instagram')
ON CONFLICT DO NOTHING;

-- ---------------------------------------------------------------------------
-- Orders (50 rows, referencing known customers)
-- ---------------------------------------------------------------------------
INSERT INTO oltp.orders (order_id, customer_id, order_date, total_amount, discount_amount, shipping_cost, payment_status, order_status, acquisition_channel) VALUES
  ('e0000001-0000-0000-0000-000000000001', 'd0000001-0000-0000-0000-000000000001', '2024-03-15 10:30:00+01', 198.00,  0.00,  5.00, 'paid',    'delivered', 'instagram'),
  ('e0000001-0000-0000-0000-000000000002', 'd0000001-0000-0000-0000-000000000002', '2024-03-20 14:00:00+01', 129.00,  0.00,  5.00, 'paid',    'delivered', 'tiktok'),
  ('e0000001-0000-0000-0000-000000000003', 'd0000001-0000-0000-0000-000000000003', '2024-04-09 09:15:00+02', 199.00, 20.00,  0.00, 'paid',    'delivered', 'website'),
  ('e0000001-0000-0000-0000-000000000004', 'd0000001-0000-0000-0000-000000000004', '2024-04-10 11:00:00+02', 119.00,  0.00,  8.00, 'paid',    'delivered', 'instagram'),
  ('e0000001-0000-0000-0000-000000000005', 'd0000001-0000-0000-0000-000000000005', '2024-04-10 16:45:00+02', 249.00,  0.00,  0.00, 'paid',    'delivered', 'affiliate'),
  ('e0000001-0000-0000-0000-000000000006', 'd0000001-0000-0000-0000-000000000006', '2024-06-17 08:30:00+02',  89.00,  0.00,  8.00, 'paid',    'delivered', 'instagram'),
  ('e0000001-0000-0000-0000-000000000007', 'd0000001-0000-0000-0000-000000000007', '2024-06-17 12:00:00+02', 390.00,  0.00,  0.00, 'paid',    'delivered', 'tiktok'),
  ('e0000001-0000-0000-0000-000000000008', 'd0000001-0000-0000-0000-000000000008', '2024-05-15 10:00:00+02', 420.00,  0.00,  0.00, 'paid',    'delivered', 'website'),
  ('e0000001-0000-0000-0000-000000000009', 'd0000001-0000-0000-0000-000000000009', '2024-11-29 09:00:00+01', 149.00, 30.00,  5.00, 'paid',    'delivered', 'instagram'),
  ('e0000001-0000-0000-0000-000000000010', 'd0000001-0000-0000-0000-000000000010', '2024-11-30 10:30:00+01', 169.00, 20.00,  5.00, 'paid',    'delivered', 'instagram'),
  ('e0000001-0000-0000-0000-000000000011', 'd0000001-0000-0000-0000-000000000011', '2024-03-25 11:00:00+01',  89.00,  0.00,  5.00, 'paid',    'delivered', 'tiktok'),
  ('e0000001-0000-0000-0000-000000000012', 'd0000001-0000-0000-0000-000000000012', '2024-03-28 14:30:00+01', 134.00, 10.00,  5.00, 'paid',    'delivered', 'instagram'),
  ('e0000001-0000-0000-0000-000000000013', 'd0000001-0000-0000-0000-000000000013', '2024-07-05 10:00:00+02',  95.00,  0.00,  5.00, 'paid',    'delivered', 'website'),
  ('e0000001-0000-0000-0000-000000000014', 'd0000001-0000-0000-0000-000000000014', '2024-07-10 15:00:00+02', 129.00,  0.00,  5.00, 'paid',    'delivered', 'affiliate'),
  ('e0000001-0000-0000-0000-000000000015', 'd0000001-0000-0000-0000-000000000015', '2024-07-12 09:30:00+02',  65.00,  0.00,  0.00, 'paid',    'delivered', 'instagram'),
  ('e0000001-0000-0000-0000-000000000016', 'd0000001-0000-0000-0000-000000000016', '2024-03-18 08:00:00+01',  99.00,  0.00,  5.00, 'paid',    'delivered', 'tiktok'),
  ('e0000001-0000-0000-0000-000000000017', 'd0000001-0000-0000-0000-000000000017', '2024-04-09 13:00:00+02', 119.00,  0.00,  8.00, 'paid',    'shipped',   'paid_ad'),
  ('e0000001-0000-0000-0000-000000000018', 'd0000001-0000-0000-0000-000000000018', '2024-06-16 10:30:00+02',  89.00,  0.00,  5.00, 'paid',    'delivered', 'instagram'),
  ('e0000001-0000-0000-0000-000000000019', 'd0000001-0000-0000-0000-000000000019', '2024-03-22 11:00:00+01', 129.00,  0.00,  5.00, 'paid',    'delivered', 'website'),
  ('e0000001-0000-0000-0000-000000000020', 'd0000001-0000-0000-0000-000000000020', '2024-04-11 09:00:00+02', 199.00, 10.00,  0.00, 'paid',    'delivered', 'instagram'),
  ('e0000001-0000-0000-0000-000000000021', 'd0000001-0000-0000-0000-000000000021', '2024-05-20 14:00:00+02',  85.00,  0.00,  5.00, 'paid',    'delivered', 'affiliate'),
  ('e0000001-0000-0000-0000-000000000022', 'd0000001-0000-0000-0000-000000000022', '2024-11-29 11:00:00+01',  45.00, 10.00,  5.00, 'paid',    'delivered', 'tiktok'),
  ('e0000001-0000-0000-0000-000000000023', 'd0000001-0000-0000-0000-000000000023', '2024-03-12 10:00:00+01', 129.00,  0.00,  5.00, 'paid',    'delivered', 'instagram'),
  ('e0000001-0000-0000-0000-000000000024', 'd0000001-0000-0000-0000-000000000024', '2024-12-01 12:00:00+01', 295.00, 30.00,  0.00, 'paid',    'delivered', 'website'),
  ('e0000001-0000-0000-0000-000000000025', 'd0000001-0000-0000-0000-000000000025', '2024-04-09 16:00:00+02', 169.00, 15.00,  0.00, 'paid',    'delivered', 'instagram'),
  ('e0000001-0000-0000-0000-000000000026', 'd0000001-0000-0000-0000-000000000026', '2024-03-14 09:00:00+01',  75.00,  0.00,  5.00, 'paid',    'delivered', 'paid_ad'),
  ('e0000001-0000-0000-0000-000000000027', 'd0000001-0000-0000-0000-000000000027', '2024-06-18 10:00:00+02', 249.00,  0.00,  0.00, 'paid',    'delivered', 'instagram'),
  ('e0000001-0000-0000-0000-000000000028', 'd0000001-0000-0000-0000-000000000028', '2024-07-15 11:00:00+02',  39.00,  0.00,  5.00, 'paid',    'delivered', 'tiktok'),
  ('e0000001-0000-0000-0000-000000000029', 'd0000001-0000-0000-0000-000000000029', '2024-03-30 08:30:00+01', 129.00,  0.00,  8.00, 'paid',    'delivered', 'instagram'),
  ('e0000001-0000-0000-0000-000000000030', 'd0000001-0000-0000-0000-000000000030', '2024-04-10 14:00:00+02', 129.00,  0.00,  5.00, 'paid',    'delivered', 'affiliate'),
  ('e0000001-0000-0000-0000-000000000031', 'd0000001-0000-0000-0000-000000000031', '2024-05-25 10:00:00+02',  95.00,  0.00,  5.00, 'paid',    'delivered', 'instagram'),
  ('e0000001-0000-0000-0000-000000000032', 'd0000001-0000-0000-0000-000000000032', '2024-11-30 09:30:00+01',  85.00, 15.00,  5.00, 'paid',    'delivered', 'website'),
  ('e0000001-0000-0000-0000-000000000033', 'd0000001-0000-0000-0000-000000000033', '2024-03-20 12:00:00+01',  89.00,  0.00,  5.00, 'paid',    'delivered', 'tiktok'),
  ('e0000001-0000-0000-0000-000000000034', 'd0000001-0000-0000-0000-000000000034', '2024-06-17 13:30:00+02', 390.00,  0.00,  0.00, 'paid',    'delivered', 'instagram'),
  ('e0000001-0000-0000-0000-000000000035', 'd0000001-0000-0000-0000-000000000035', '2024-04-09 10:00:00+02', 199.00, 20.00,  0.00, 'paid',    'delivered', 'paid_ad'),
  ('e0000001-0000-0000-0000-000000000036', 'd0000001-0000-0000-0000-000000000036', '2024-03-25 09:00:00+01',  45.00,  0.00,  5.00, 'paid',    'delivered', 'instagram'),
  ('e0000001-0000-0000-0000-000000000037', 'd0000001-0000-0000-0000-000000000037', '2024-05-10 11:00:00+02', 390.00,  0.00,  0.00, 'paid',    'delivered', 'tiktok'),
  ('e0000001-0000-0000-0000-000000000038', 'd0000001-0000-0000-0000-000000000038', '2024-07-20 14:00:00+02', 350.00,  0.00,  0.00, 'paid',    'delivered', 'instagram'),
  ('e0000001-0000-0000-0000-000000000039', 'd0000001-0000-0000-0000-000000000039', '2024-12-02 10:00:00+01', 149.00, 20.00,  5.00, 'paid',    'delivered', 'website'),
  ('e0000001-0000-0000-0000-000000000040', 'd0000001-0000-0000-0000-000000000040', '2024-03-28 08:00:00+01', 129.00,  0.00,  5.00, 'paid',    'delivered', 'affiliate'),
  ('e0000001-0000-0000-0000-000000000041', 'd0000001-0000-0000-0000-000000000041', '2024-04-10 09:30:00+02',  89.00,  0.00,  5.00, 'paid',    'delivered', 'instagram'),
  ('e0000001-0000-0000-0000-000000000042', 'd0000001-0000-0000-0000-000000000042', '2024-06-16 11:00:00+02', 119.00,  0.00,  8.00, 'paid',    'shipped',   'tiktok'),
  ('e0000001-0000-0000-0000-000000000043', 'd0000001-0000-0000-0000-000000000043', '2024-03-15 10:00:00+01',  99.00,  0.00,  5.00, 'paid',    'delivered', 'instagram'),
  ('e0000001-0000-0000-0000-000000000044', 'd0000001-0000-0000-0000-000000000044', '2024-11-29 13:00:00+01', 295.00, 30.00,  0.00, 'paid',    'delivered', 'website'),
  ('e0000001-0000-0000-0000-000000000045', 'd0000001-0000-0000-0000-000000000045', '2024-04-09 15:00:00+02', 249.00,  0.00,  0.00, 'paid',    'delivered', 'instagram'),
  ('e0000001-0000-0000-0000-000000000046', 'd0000001-0000-0000-0000-000000000046', '2024-07-05 09:00:00+02',  65.00,  0.00,  5.00, 'paid',    'delivered', 'paid_ad'),
  ('e0000001-0000-0000-0000-000000000047', 'd0000001-0000-0000-0000-000000000047', '2024-03-22 14:00:00+01', 169.00,  0.00,  0.00, 'paid',    'delivered', 'instagram'),
  ('e0000001-0000-0000-0000-000000000048', 'd0000001-0000-0000-0000-000000000048', '2024-06-17 10:00:00+02',  89.00,  0.00,  5.00, 'paid',    'delivered', 'tiktok'),
  ('e0000001-0000-0000-0000-000000000049', 'd0000001-0000-0000-0000-000000000049', '2024-04-09 11:00:00+02', 199.00, 20.00,  0.00, 'paid',    'delivered', 'affiliate'),
  ('e0000001-0000-0000-0000-000000000050', 'd0000001-0000-0000-0000-000000000050', '2024-03-18 09:00:00+01', 129.00,  0.00,  8.00, 'paid',    'delivered', 'instagram')
ON CONFLICT DO NOTHING;

-- ---------------------------------------------------------------------------
-- Order Items (one item per order for simplicity, ~50 rows)
-- ---------------------------------------------------------------------------
INSERT INTO oltp.order_items (order_item_id, order_id, product_id, quantity, unit_price, line_total) VALUES
  ('f0000001-0000-0000-0000-000000000001', 'e0000001-0000-0000-0000-000000000001', 'c0000001-0000-0000-0000-000000000031', 1, 129.00, 129.00),
  ('f0000001-0000-0000-0000-000000000002', 'e0000001-0000-0000-0000-000000000001', 'c0000001-0000-0000-0000-000000000002', 1,  45.00,  45.00),
  ('f0000001-0000-0000-0000-000000000003', 'e0000001-0000-0000-0000-000000000002', 'c0000001-0000-0000-0000-000000000040', 1, 129.00, 129.00),
  ('f0000001-0000-0000-0000-000000000004', 'e0000001-0000-0000-0000-000000000003', 'c0000001-0000-0000-0000-000000000032', 1, 199.00, 199.00),
  ('f0000001-0000-0000-0000-000000000005', 'e0000001-0000-0000-0000-000000000004', 'c0000001-0000-0000-0000-000000000011', 1, 119.00, 119.00),
  ('f0000001-0000-0000-0000-000000000006', 'e0000001-0000-0000-0000-000000000005', 'c0000001-0000-0000-0000-000000000033', 1, 249.00, 249.00),
  ('f0000001-0000-0000-0000-000000000007', 'e0000001-0000-0000-0000-000000000006', 'c0000001-0000-0000-0000-000000000007', 1,  89.00,  89.00),
  ('f0000001-0000-0000-0000-000000000008', 'e0000001-0000-0000-0000-000000000007', 'c0000001-0000-0000-0000-000000000019', 1, 390.00, 390.00),
  ('f0000001-0000-0000-0000-000000000009', 'e0000001-0000-0000-0000-000000000008', 'c0000001-0000-0000-0000-000000000047', 1, 420.00, 420.00),
  ('f0000001-0000-0000-0000-000000000010', 'e0000001-0000-0000-0000-000000000009', 'c0000001-0000-0000-0000-000000000045', 1, 149.00, 149.00),
  ('f0000001-0000-0000-0000-000000000011', 'e0000001-0000-0000-0000-000000000010', 'c0000001-0000-0000-0000-000000000034', 1, 169.00, 169.00),
  ('f0000001-0000-0000-0000-000000000012', 'e0000001-0000-0000-0000-000000000011', 'c0000001-0000-0000-0000-000000000006', 1,  89.00,  89.00),
  ('f0000001-0000-0000-0000-000000000013', 'e0000001-0000-0000-0000-000000000012', 'c0000001-0000-0000-0000-000000000010', 1, 119.00, 119.00),
  ('f0000001-0000-0000-0000-000000000014', 'e0000001-0000-0000-0000-000000000013', 'c0000001-0000-0000-0000-000000000016', 1,  95.00,  95.00),
  ('f0000001-0000-0000-0000-000000000015', 'e0000001-0000-0000-0000-000000000014', 'c0000001-0000-0000-0000-000000000040', 1, 129.00, 129.00),
  ('f0000001-0000-0000-0000-000000000016', 'e0000001-0000-0000-0000-000000000015', 'c0000001-0000-0000-0000-000000000029', 1,  65.00,  65.00),
  ('f0000001-0000-0000-0000-000000000017', 'e0000001-0000-0000-0000-000000000016', 'c0000001-0000-0000-0000-000000000048', 1,  99.00,  99.00),
  ('f0000001-0000-0000-0000-000000000018', 'e0000001-0000-0000-0000-000000000017', 'c0000001-0000-0000-0000-000000000012', 1, 119.00, 119.00),
  ('f0000001-0000-0000-0000-000000000019', 'e0000001-0000-0000-0000-000000000018', 'c0000001-0000-0000-0000-000000000006', 1,  89.00,  89.00),
  ('f0000001-0000-0000-0000-000000000020', 'e0000001-0000-0000-0000-000000000019', 'c0000001-0000-0000-0000-000000000041', 1, 129.00, 129.00),
  ('f0000001-0000-0000-0000-000000000021', 'e0000001-0000-0000-0000-000000000020', 'c0000001-0000-0000-0000-000000000032', 1, 199.00, 199.00),
  ('f0000001-0000-0000-0000-000000000022', 'e0000001-0000-0000-0000-000000000021', 'c0000001-0000-0000-0000-000000000037', 1,  85.00,  85.00),
  ('f0000001-0000-0000-0000-000000000023', 'e0000001-0000-0000-0000-000000000022', 'c0000001-0000-0000-0000-000000000003', 1,  45.00,  45.00),
  ('f0000001-0000-0000-0000-000000000024', 'e0000001-0000-0000-0000-000000000023', 'c0000001-0000-0000-0000-000000000040', 1, 129.00, 129.00),
  ('f0000001-0000-0000-0000-000000000025', 'e0000001-0000-0000-0000-000000000024', 'c0000001-0000-0000-0000-000000000035', 1, 295.00, 295.00),
  ('f0000001-0000-0000-0000-000000000026', 'e0000001-0000-0000-0000-000000000025', 'c0000001-0000-0000-0000-000000000034', 1, 169.00, 169.00),
  ('f0000001-0000-0000-0000-000000000027', 'e0000001-0000-0000-0000-000000000026', 'c0000001-0000-0000-0000-000000000013', 1,  75.00,  75.00),
  ('f0000001-0000-0000-0000-000000000028', 'e0000001-0000-0000-0000-000000000027', 'c0000001-0000-0000-0000-000000000033', 1, 249.00, 249.00),
  ('f0000001-0000-0000-0000-000000000029', 'e0000001-0000-0000-0000-000000000028', 'c0000001-0000-0000-0000-000000000022', 1,  39.00,  39.00),
  ('f0000001-0000-0000-0000-000000000030', 'e0000001-0000-0000-0000-000000000029', 'c0000001-0000-0000-0000-000000000007', 1,  89.00,  89.00),
  ('f0000001-0000-0000-0000-000000000031', 'e0000001-0000-0000-0000-000000000030', 'c0000001-0000-0000-0000-000000000040', 1, 129.00, 129.00),
  ('f0000001-0000-0000-0000-000000000032', 'e0000001-0000-0000-0000-000000000031', 'c0000001-0000-0000-0000-000000000017', 1,  95.00,  95.00),
  ('f0000001-0000-0000-0000-000000000033', 'e0000001-0000-0000-0000-000000000032', 'c0000001-0000-0000-0000-000000000038', 1,  85.00,  85.00),
  ('f0000001-0000-0000-0000-000000000034', 'e0000001-0000-0000-0000-000000000033', 'c0000001-0000-0000-0000-000000000008', 1,  89.00,  89.00),
  ('f0000001-0000-0000-0000-000000000035', 'e0000001-0000-0000-0000-000000000034', 'c0000001-0000-0000-0000-000000000020', 1, 390.00, 390.00),
  ('f0000001-0000-0000-0000-000000000036', 'e0000001-0000-0000-0000-000000000035', 'c0000001-0000-0000-0000-000000000032', 1, 199.00, 199.00),
  ('f0000001-0000-0000-0000-000000000037', 'e0000001-0000-0000-0000-000000000036', 'c0000001-0000-0000-0000-000000000002', 1,  45.00,  45.00),
  ('f0000001-0000-0000-0000-000000000038', 'e0000001-0000-0000-0000-000000000037', 'c0000001-0000-0000-0000-000000000019', 1, 390.00, 390.00),
  ('f0000001-0000-0000-0000-000000000039', 'e0000001-0000-0000-0000-000000000038', 'c0000001-0000-0000-0000-000000000036', 1, 350.00, 350.00),
  ('f0000001-0000-0000-0000-000000000040', 'e0000001-0000-0000-0000-000000000039', 'c0000001-0000-0000-0000-000000000045', 1, 149.00, 149.00),
  ('f0000001-0000-0000-0000-000000000041', 'e0000001-0000-0000-0000-000000000040', 'c0000001-0000-0000-0000-000000000042', 1, 129.00, 129.00),
  ('f0000001-0000-0000-0000-000000000042', 'e0000001-0000-0000-0000-000000000041', 'c0000001-0000-0000-0000-000000000009', 1,  89.00,  89.00),
  ('f0000001-0000-0000-0000-000000000043', 'e0000001-0000-0000-0000-000000000042', 'c0000001-0000-0000-0000-000000000012', 1, 119.00, 119.00),
  ('f0000001-0000-0000-0000-000000000044', 'e0000001-0000-0000-0000-000000000043', 'c0000001-0000-0000-0000-000000000048', 1,  99.00,  99.00),
  ('f0000001-0000-0000-0000-000000000045', 'e0000001-0000-0000-0000-000000000044', 'c0000001-0000-0000-0000-000000000035', 1, 295.00, 295.00),
  ('f0000001-0000-0000-0000-000000000046', 'e0000001-0000-0000-0000-000000000045', 'c0000001-0000-0000-0000-000000000033', 1, 249.00, 249.00),
  ('f0000001-0000-0000-0000-000000000047', 'e0000001-0000-0000-0000-000000000046', 'c0000001-0000-0000-0000-000000000029', 1,  65.00,  65.00),
  ('f0000001-0000-0000-0000-000000000048', 'e0000001-0000-0000-0000-000000000047', 'c0000001-0000-0000-0000-000000000034', 1, 169.00, 169.00),
  ('f0000001-0000-0000-0000-000000000049', 'e0000001-0000-0000-0000-000000000048', 'c0000001-0000-0000-0000-000000000006', 1,  89.00,  89.00),
  ('f0000001-0000-0000-0000-000000000050', 'e0000001-0000-0000-0000-000000000049', 'c0000001-0000-0000-0000-000000000032', 1, 199.00, 199.00),
  ('f0000001-0000-0000-0000-000000000051', 'e0000001-0000-0000-0000-000000000050', 'c0000001-0000-0000-0000-000000000040', 1, 129.00, 129.00)
ON CONFLICT DO NOTHING;

-- ---------------------------------------------------------------------------
-- Shipments (one per order, subset of orders)
-- ---------------------------------------------------------------------------
INSERT INTO oltp.shipments (shipment_id, order_id, carrier, tracking_number, shipping_date, delivery_date, shipment_status) VALUES
  ('g0000001-0000-0000-0000-000000000001', 'e0000001-0000-0000-0000-000000000001', 'Colissimo', 'FAKE-TRACK-001', '2024-03-16', '2024-03-19', 'delivered'),
  ('g0000001-0000-0000-0000-000000000002', 'e0000001-0000-0000-0000-000000000002', 'Colissimo', 'FAKE-TRACK-002', '2024-03-21', '2024-03-24', 'delivered'),
  ('g0000001-0000-0000-0000-000000000003', 'e0000001-0000-0000-0000-000000000003', 'DHL',       'FAKE-TRACK-003', '2024-04-10', '2024-04-13', 'delivered'),
  ('g0000001-0000-0000-0000-000000000004', 'e0000001-0000-0000-0000-000000000004', 'DHL',       'FAKE-TRACK-004', '2024-04-11', '2024-04-15', 'delivered'),
  ('g0000001-0000-0000-0000-000000000005', 'e0000001-0000-0000-0000-000000000005', 'Colissimo', 'FAKE-TRACK-005', '2024-04-11', '2024-04-14', 'delivered'),
  ('g0000001-0000-0000-0000-000000000006', 'e0000001-0000-0000-0000-000000000006', 'DHL',       'FAKE-TRACK-006', '2024-06-18', '2024-06-22', 'delivered'),
  ('g0000001-0000-0000-0000-000000000007', 'e0000001-0000-0000-0000-000000000007', 'Colissimo', 'FAKE-TRACK-007', '2024-06-18', '2024-06-21', 'delivered'),
  ('g0000001-0000-0000-0000-000000000008', 'e0000001-0000-0000-0000-000000000008', 'Colissimo', 'FAKE-TRACK-008', '2024-05-16', '2024-05-19', 'delivered'),
  ('g0000001-0000-0000-0000-000000000009', 'e0000001-0000-0000-0000-000000000009', 'Colissimo', 'FAKE-TRACK-009', '2024-11-30', '2024-12-03', 'delivered'),
  ('g0000001-0000-0000-0000-000000000010', 'e0000001-0000-0000-0000-000000000010', 'Colissimo', 'FAKE-TRACK-010', '2024-12-01', '2024-12-04', 'delivered'),
  ('g0000001-0000-0000-0000-000000000017', 'e0000001-0000-0000-0000-000000000017', 'DHL',       'FAKE-TRACK-017', '2024-04-10', NULL,          'shipped'),
  ('g0000001-0000-0000-0000-000000000042', 'e0000001-0000-0000-0000-000000000042', 'Colissimo', 'FAKE-TRACK-042', '2024-06-17', NULL,          'shipped')
ON CONFLICT DO NOTHING;

-- ---------------------------------------------------------------------------
-- Marketing Events
-- ---------------------------------------------------------------------------
INSERT INTO oltp.marketing_events (event_id, customer_id, source, campaign_name, event_type, event_timestamp) VALUES
  ('h0000001-0000-0000-0000-000000000001', 'd0000001-0000-0000-0000-000000000001', 'instagram', 'Ramadan_2024_Push', 'click',      '2024-03-10 08:00:00+01'),
  ('h0000001-0000-0000-0000-000000000002', 'd0000001-0000-0000-0000-000000000002', 'tiktok',    'Ramadan_2024_Reel', 'impression', '2024-03-11 14:00:00+01'),
  ('h0000001-0000-0000-0000-000000000003', 'd0000001-0000-0000-0000-000000000003', 'website',   'SEO_Organic',       'visit',      '2024-04-08 10:00:00+02'),
  ('h0000001-0000-0000-0000-000000000004', 'd0000001-0000-0000-0000-000000000004', 'instagram', 'Eid_2024_Promo',    'click',      '2024-04-09 09:00:00+02'),
  ('h0000001-0000-0000-0000-000000000005', 'd0000001-0000-0000-0000-000000000005', 'affiliate', 'Affiliate_Q2',      'conversion', '2024-04-10 16:30:00+02'),
  ('h0000001-0000-0000-0000-000000000006', 'd0000001-0000-0000-0000-000000000006', 'instagram', 'Eid_Adha_2024',     'click',      '2024-06-16 08:00:00+02'),
  ('h0000001-0000-0000-0000-000000000007', 'd0000001-0000-0000-0000-000000000007', 'tiktok',    'Nikah_Season_2024', 'click',      '2024-05-20 12:00:00+02'),
  ('h0000001-0000-0000-0000-000000000008', NULL,                                   'instagram', 'Black_Friday_2024', 'impression', '2024-11-28 18:00:00+01'),
  ('h0000001-0000-0000-0000-000000000009', 'd0000001-0000-0000-0000-000000000009', 'instagram', 'Black_Friday_2024', 'click',      '2024-11-29 08:30:00+01'),
  ('h0000001-0000-0000-0000-000000000010', 'd0000001-0000-0000-0000-000000000010', 'instagram', 'Black_Friday_2024', 'conversion', '2024-11-30 10:00:00+01'),
  ('h0000001-0000-0000-0000-000000000011', 'd0000001-0000-0000-0000-000000000011', 'tiktok',    'Ramadan_2024_Push', 'click',      '2024-03-15 09:00:00+01'),
  ('h0000001-0000-0000-0000-000000000012', 'd0000001-0000-0000-0000-000000000012', 'instagram', 'Ramadan_2024_Push', 'conversion', '2024-03-20 14:00:00+01'),
  ('h0000001-0000-0000-0000-000000000013', 'd0000001-0000-0000-0000-000000000016', 'tiktok',    'Ramadan_2024_Reel', 'click',      '2024-03-18 07:00:00+01'),
  ('h0000001-0000-0000-0000-000000000014', 'd0000001-0000-0000-0000-000000000020', 'instagram', 'Eid_2024_Promo',    'conversion', '2024-04-11 09:00:00+02'),
  ('h0000001-0000-0000-0000-000000000015', 'd0000001-0000-0000-0000-000000000025', 'instagram', 'Eid_2024_Promo',    'click',      '2024-04-09 15:00:00+02'),
  ('h0000001-0000-0000-0000-000000000016', 'd0000001-0000-0000-0000-000000000027', 'instagram', 'Eid_Adha_2024',     'conversion', '2024-06-18 10:00:00+02'),
  ('h0000001-0000-0000-0000-000000000017', 'd0000001-0000-0000-0000-000000000030', 'affiliate', 'Affiliate_Q2',      'click',      '2024-04-10 13:00:00+02'),
  ('h0000001-0000-0000-0000-000000000018', 'd0000001-0000-0000-0000-000000000035', 'paid_ad',   'Eid_2024_Promo',    'conversion', '2024-04-09 09:30:00+02'),
  ('h0000001-0000-0000-0000-000000000019', 'd0000001-0000-0000-0000-000000000043', 'instagram', 'Ramadan_2024_Push', 'click',      '2024-03-15 09:30:00+01'),
  ('h0000001-0000-0000-0000-000000000020', 'd0000001-0000-0000-0000-000000000047', 'instagram', 'Ramadan_2024_Push', 'conversion', '2024-03-22 14:00:00+01')
ON CONFLICT DO NOTHING;

-- ---------------------------------------------------------------------------
-- RAG Conversations
-- ---------------------------------------------------------------------------
INSERT INTO oltp.rag_conversations (conversation_id, customer_id, question, intent, conversation_timestamp) VALUES
  ('i0000001-0000-0000-0000-000000000001', 'd0000001-0000-0000-0000-000000000001', 'Quel qamis me conseillez-vous pour l''Eid ?',                'product_recommendation', '2024-04-05 09:00:00+02'),
  ('i0000001-0000-0000-0000-000000000002', 'd0000001-0000-0000-0000-000000000002', 'Quelle taille choisir pour un qamis si je fais du M en tee ?','size_guide',             '2024-03-19 14:00:00+01'),
  ('i0000001-0000-0000-0000-000000000003', 'd0000001-0000-0000-0000-000000000004', 'Do you ship to the UK ?',                                     'shipping_info',          '2024-04-09 10:00:00+02'),
  ('i0000001-0000-0000-0000-000000000004', 'd0000001-0000-0000-0000-000000000005', 'Je cherche un cadeau pour mon frère pour l''Eid al-Adha.',     'gift_recommendation',    '2024-06-10 11:00:00+02'),
  ('i0000001-0000-0000-0000-000000000005', 'd0000001-0000-0000-0000-000000000007', 'Quels costumes avez-vous pour un mariage en été ?',            'product_recommendation', '2024-05-01 12:00:00+02'),
  ('i0000001-0000-0000-0000-000000000006', 'd0000001-0000-0000-0000-000000000010', 'Avez-vous des promos pour le Black Friday ?',                  'promotions',             '2024-11-20 09:00:00+01'),
  ('i0000001-0000-0000-0000-000000000007', 'd0000001-0000-0000-0000-000000000012', 'Quelle est la composition de votre huile à barbe Oud ?',       'product_info',           '2024-03-27 15:00:00+01'),
  ('i0000001-0000-0000-0000-000000000008', 'd0000001-0000-0000-0000-000000000015', 'Livrez-vous aux Pays-Bas ?',                                   'shipping_info',          '2024-07-12 09:00:00+02'),
  ('i0000001-0000-0000-0000-000000000009', 'd0000001-0000-0000-0000-000000000020', 'Coffret Eid : qu''est-ce qui est inclus ?',                    'product_info',           '2024-04-08 16:00:00+02'),
  ('i0000001-0000-0000-0000-000000000010', 'd0000001-0000-0000-0000-000000000023', 'Recommandez-moi un qamis pour Ramadan, budget 100€.',          'product_recommendation', '2024-03-11 08:30:00+01'),
  ('i0000001-0000-0000-0000-000000000011', 'd0000001-0000-0000-0000-000000000027', 'Quels sont vos best-sellers pour les cadeaux de mariage ?',    'gift_recommendation',    '2024-06-01 10:00:00+02'),
  ('i0000001-0000-0000-0000-000000000012', 'd0000001-0000-0000-0000-000000000034', 'Peut-on commander un costume en urgence pour l''Eid ?',        'order_info',             '2024-06-15 11:00:00+02'),
  ('i0000001-0000-0000-0000-000000000013', 'd0000001-0000-0000-0000-000000000040', 'Quel Ramadan box recommandez-vous pour un kit complet ?',      'product_recommendation', '2024-03-08 09:00:00+01'),
  ('i0000001-0000-0000-0000-000000000014', 'd0000001-0000-0000-0000-000000000045', 'Est-ce que le coffret Nikah peut être offert en cadeau ?',     'gift_recommendation',    '2024-04-07 14:00:00+02'),
  ('i0000001-0000-0000-0000-000000000015', 'd0000001-0000-0000-0000-000000000049', 'Quels accessoires allez bien avec le Qamis blanc ?',           'style_advice',           '2024-04-08 10:00:00+02')
ON CONFLICT DO NOTHING;

-- ---------------------------------------------------------------------------
-- Gold dimension seed
-- ---------------------------------------------------------------------------

-- dim_date: populate ~30 key dates
INSERT INTO gold.dim_date (date, day, week, month, quarter, year, is_weekend) VALUES
  ('2024-03-10', 10, 10, 3, 1, 2024, FALSE),
  ('2024-03-15', 15, 11, 3, 1, 2024, FALSE),
  ('2024-03-18', 18, 12, 3, 1, 2024, FALSE),
  ('2024-03-20', 20, 12, 3, 1, 2024, FALSE),
  ('2024-03-22', 22, 12, 3, 1, 2024, FALSE),
  ('2024-03-25', 25, 13, 3, 1, 2024, FALSE),
  ('2024-03-28', 28, 13, 3, 1, 2024, FALSE),
  ('2024-03-30', 30, 13, 3, 1, 2024, TRUE),
  ('2024-04-09', 9,  15, 4, 2, 2024, TRUE),
  ('2024-04-10', 10, 15, 4, 2, 2024, FALSE),
  ('2024-04-11', 11, 15, 4, 2, 2024, TRUE),
  ('2024-05-10', 10, 19, 5, 2, 2024, FALSE),
  ('2024-05-15', 15, 20, 5, 2, 2024, FALSE),
  ('2024-05-20', 20, 21, 5, 2, 2024, FALSE),
  ('2024-05-25', 25, 21, 5, 2, 2024, TRUE),
  ('2024-06-16', 16, 24, 6, 2, 2024, FALSE),
  ('2024-06-17', 17, 25, 6, 2, 2024, FALSE),
  ('2024-06-18', 18, 25, 6, 2, 2024, TRUE),
  ('2024-07-05', 5,  27, 7, 3, 2024, FALSE),
  ('2024-07-10', 10, 28, 7, 3, 2024, FALSE),
  ('2024-07-12', 12, 28, 7, 3, 2024, FALSE),
  ('2024-07-15', 15, 29, 7, 3, 2024, FALSE),
  ('2024-07-20', 20, 29, 7, 3, 2024, TRUE),
  ('2024-11-29', 29, 48, 11, 4, 2024, FALSE),
  ('2024-11-30', 30, 48, 11, 4, 2024, TRUE),
  ('2024-12-01', 1,  49, 12, 4, 2024, FALSE),
  ('2024-12-02', 2,  49, 12, 4, 2024, FALSE)
ON CONFLICT (date) DO NOTHING;

-- dim_channel
INSERT INTO gold.dim_channel (channel_name) VALUES
  ('instagram'), ('tiktok'), ('website'), ('affiliate'), ('paid_ad')
ON CONFLICT (channel_name) DO NOTHING;

-- dim_calendar_event
INSERT INTO gold.dim_calendar_event (calendar_event_id, event_name, event_type) VALUES
  ('b0000001-0000-0000-0000-000000000001', 'Ramadan 2024',      'religious'),
  ('b0000001-0000-0000-0000-000000000002', 'Eid al-Fitr 2024',  'religious'),
  ('b0000001-0000-0000-0000-000000000003', 'Eid al-Adha 2024',  'religious'),
  ('b0000001-0000-0000-0000-000000000004', 'Nikah Season 2024', 'seasonal'),
  ('b0000001-0000-0000-0000-000000000005', 'Black Friday 2024', 'retail'),
  ('b0000001-0000-0000-0000-000000000006', 'Summer Sale 2024',  'retail')
ON CONFLICT DO NOTHING;

-- dim_customer (denormalised from oltp.customers, subset)
INSERT INTO gold.dim_customer (customer_id, country, city, segment, acquisition_source)
SELECT
    customer_id,
    country,
    city,
    CASE
        WHEN acquisition_source IN ('instagram','tiktok') THEN 'social'
        WHEN acquisition_source = 'affiliate'             THEN 'affiliate'
        ELSE 'direct'
    END AS segment,
    acquisition_source
FROM oltp.customers
ON CONFLICT DO NOTHING;

-- dim_product (denormalised from oltp.products + categories)
INSERT INTO gold.dim_product (product_id, sku, product_name, category, seasonality_tag)
SELECT
    p.product_id,
    p.sku,
    p.product_name,
    c.category_name,
    p.seasonality_tag
FROM oltp.products p
JOIN oltp.categories c ON c.category_id = p.category_id
ON CONFLICT DO NOTHING;

-- fact_sales (50 rows aligned with orders)
INSERT INTO gold.fact_sales (order_id, order_item_id, customer_key, product_key, date_key, channel_key, calendar_event_key, quantity, revenue, discount, shipping_cost, margin)
SELECT
    o.order_id,
    oi.order_item_id,
    dc.customer_key,
    dp.product_key,
    dd.date_key,
    dch.channel_key,
    -- link to calendar event if order falls within event window
    (
        SELECT dce.calendar_event_key
        FROM gold.dim_calendar_event dce
        JOIN oltp.calendar_events ce ON ce.calendar_event_id = dce.calendar_event_id
        WHERE o.order_date::DATE BETWEEN ce.start_date AND ce.end_date
        ORDER BY dce.calendar_event_key
        LIMIT 1
    ) AS calendar_event_key,
    oi.quantity,
    oi.line_total         AS revenue,
    o.discount_amount     AS discount,
    o.shipping_cost,
    ROUND(oi.line_total - (p.cost_eur * oi.quantity), 2) AS margin
FROM oltp.order_items oi
JOIN oltp.orders  o  ON o.order_id   = oi.order_id
JOIN oltp.products p ON p.product_id = oi.product_id
JOIN gold.dim_customer dc  ON dc.customer_id  = o.customer_id
JOIN gold.dim_product  dp  ON dp.product_id   = oi.product_id
JOIN gold.dim_date     dd  ON dd.date          = o.order_date::DATE
JOIN gold.dim_channel  dch ON dch.channel_name = COALESCE(o.acquisition_channel, 'website')
ON CONFLICT DO NOTHING;
